{"episode_types": ["t", "t", "t", "t", "t", "t", "t", "t", "t", "t", "t", "t", "t", "t", "t", "t", "t", "t", "t", "t", "t", "t", "t", "t", "t", "t", "t", "t", "t", "t", "t", "t", "t", "t", "t", "t", "t", "t", "t", "t", "t", "t", "t", "t", "t", "t", "t", "t", "t", "t", "t", "t", "t", "t", "t", "t", "t", "t", "t", "t", "t", "t", "t", "t", "t", "t", "t", "t", "t", "t", "t", "t", "t"], "initial_reset_timestamp": 1566657408.2484524, "episode_rewards": [27.0, 18.0, 43.0, 39.0, 42.0, 64.0, 64.0, 71.0, 76.0, 200.0, 200.0, 85.0, 186.0, 192.0, 200.0, 200.0, 200.0, 200.0, 200.0, 200.0, 200.0, 200.0, 200.0, 200.0, 200.0, 200.0, 200.0, 200.0, 200.0, 200.0, 200.0, 200.0, 200.0, 200.0, 200.0, 200.0, 200.0, 200.0, 200.0, 200.0, 200.0, 200.0, 200.0, 200.0, 200.0, 200.0, 200.0, 200.0, 200.0, 200.0, 200.0, 200.0, 38.0, 11.0, 12.0, 200.0, 200.0, 200.0, 200.0, 200.0, 200.0, 200.0, 200.0, 200.0, 200.0, 200.0, 200.0, 200.0, 200.0, 200.0, 200.0, 200.0], "episode_lengths": [27, 18, 43, 39, 42, 64, 64, 71, 76, 200, 200, 85, 186, 192, 200, 200, 200, 200, 200, 200, 200, 200, 200, 200, 200, 200, 200, 200, 200, 200, 200, 200, 200, 200, 200, 200, 200, 200, 200, 200, 200, 200, 200, 200, 200, 200, 200, 200, 200, 200, 200, 200, 38, 11, 12, 200, 200, 200, 200, 200, 200, 200, 200, 200, 200, 200, 200, 200, 200, 200, 200, 200], "timestamps": [1566657408.4501264, 1566657408.6099298, 1566657408.9302135, 1566657410.2238517, 1566657410.422374, 1566657410.681533, 1566657411.846127, 1566657412.0609655, 1566657413.3748484, 1566657416.0030394, 1566657417.319708, 1566657418.3535812, 1566657419.6418893, 1566657422.0493968, 1566657425.1149766, 1566657426.926599, 1566657429.944666, 1566657431.462627, 1566657434.0007207, 1566657437.026085, 1566657438.668785, 1566657441.3261929, 1566657442.9761736, 1566657445.717122, 1566657448.6737971, 1566657450.3003542, 1566657453.2826495, 1566657455.3963058, 1566657458.1831937, 1566657460.56557, 1566657461.9770186, 1566657464.3838549, 1566657465.9071498, 1566657468.3493443, 1566657470.721124, 1566657472.146318, 1566657474.6415353, 1566657476.5248847, 1566657479.1560862, 1566657481.7576015, 1566657483.2330787, 1566657485.753339, 1566657487.2522051, 1566657489.8385828, 1566657492.5346146, 1566657494.0722136, 1566657497.2176802, 1566657498.8001015, 1566657501.495695, 1566657503.8591118, 1566657505.3589845, 1566657508.244334, 1566657508.4565206, 1566657508.5157075, 1566657508.5942478, 1566657511.4178123, 1566657512.9227145, 1566657515.284423, 1566657517.6945848, 1566657519.1398365, 1566657521.356211, 1566657522.6769793, 1566657525.1303158, 1566657527.56884, 1566657529.051146, 1566657531.58912, 1566657533.3925204, 1566657536.556395, 1566657539.4363778, 1566657541.0552223, 1566657543.9548023, 1566657545.5122945]}