{"episode_types": ["t", "t", "t", "t", "t", "t", "t", "t", "t", "t", "t", "t", "t", "t", "t", "t", "t", "t", "t", "t", "t", "t", "t", "t", "t", "t", "t", "t", "t", "t", "t", "t", "t", "t", "t", "t", "t", "t", "t", "t", "t", "t", "t", "t", "t", "t", "t", "t", "t", "t", "t", "t", "t", "t", "t", "t", "t", "t", "t", "t", "t", "t", "t", "t", "t", "t", "t", "t", "t", "t", "t", "t", "t", "t"], "initial_reset_timestamp": 1566657408.213861, "episode_rewards": [18.0, 25.0, 13.0, 21.0, 20.0, 15.0, 41.0, 89.0, 48.0, 40.0, 47.0, 200.0, 200.0, 170.0, 187.0, 200.0, 185.0, 167.0, 200.0, 153.0, 200.0, 200.0, 200.0, 200.0, 200.0, 200.0, 200.0, 200.0, 200.0, 200.0, 200.0, 200.0, 200.0, 200.0, 200.0, 200.0, 200.0, 200.0, 200.0, 200.0, 200.0, 200.0, 200.0, 200.0, 200.0, 200.0, 200.0, 200.0, 200.0, 200.0, 200.0, 200.0, 200.0, 166.0, 101.0, 10.0, 200.0, 200.0, 200.0, 200.0, 200.0, 200.0, 200.0, 200.0, 200.0, 200.0, 200.0, 200.0, 200.0, 200.0, 200.0, 200.0, 200.0], "episode_lengths": [18, 25, 13, 21, 20, 15, 41, 89, 48, 40, 47, 200, 200, 170, 187, 200, 185, 167, 200, 153, 200, 200, 200, 200, 200, 200, 200, 200, 200, 200, 200, 200, 200, 200, 200, 200, 200, 200, 200, 200, 200, 200, 200, 200, 200, 200, 200, 200, 200, 200, 200, 200, 200, 166, 101, 10, 200, 200, 200, 200, 200, 200, 200, 200, 200, 200, 200, 200, 200, 200, 200, 200, 200], "timestamps": [1566657408.3813493, 1566657408.5675712, 1566657408.6851428, 1566657408.842597, 1566657409.026526, 1566657409.113793, 1566657410.331546, 1566657410.705161, 1566657411.8170378, 1566657411.9413319, 1566657413.1948533, 1566657414.7508273, 1566657417.1486094, 1566657418.4015887, 1566657420.7903435, 1566657422.1274035, 1566657425.1451747, 1566657426.8692796, 1566657429.8739746, 1566657431.2548645, 1566657432.6668324, 1566657435.781774, 1566657438.494898, 1566657439.956652, 1566657442.7890503, 1566657444.3805757, 1566657447.1973968, 1566657450.1233099, 1566657451.8205106, 1566657455.17297, 1566657456.7212381, 1566657459.3750114, 1566657461.8058114, 1566657463.1903317, 1566657465.7473013, 1566657467.0778193, 1566657469.550618, 1566657471.9816852, 1566657473.434003, 1566657476.3492117, 1566657477.8766463, 1566657480.4857948, 1566657483.0390675, 1566657484.52589, 1566657487.0416281, 1566657488.587878, 1566657491.2944877, 1566657493.8627334, 1566657495.6774282, 1566657498.5947256, 1566657500.3255823, 1566657502.7088907, 1566657505.1496856, 1566657506.6205826, 1566657508.225826, 1566657508.270827, 1566657510.249444, 1566657512.802658, 1566657515.1795917, 1566657516.7084975, 1566657519.0296197, 1566657520.3725226, 1566657522.553108, 1566657525.0311012, 1566657526.408515, 1566657528.9282956, 1566657530.4314044, 1566657533.2763026, 1566657536.4226925, 1566657538.1293344, 1566657540.9279401, 1566657542.6283166, 1566657545.4047465]}