{"episode_types": ["t", "t", "t", "t", "t", "t", "t", "t", "t", "t", "t", "t", "t", "t", "t", "t", "t", "t", "t", "t", "t", "t", "t", "t", "t", "t", "t", "t", "t", "t", "t", "t", "t", "t", "t", "t", "t", "t", "t", "t", "t", "t", "t", "t", "t", "t", "t", "t", "t", "t", "t", "t", "t", "t", "t", "t", "t", "t", "t", "t", "t", "t", "t", "t", "t", "t", "t", "t", "t", "t"], "initial_reset_timestamp": 1566657408.2537866, "episode_rewards": [81.0, 42.0, 19.0, 18.0, 28.0, 63.0, 34.0, 140.0, 198.0, 192.0, 137.0, 84.0, 195.0, 200.0, 200.0, 156.0, 189.0, 200.0, 200.0, 200.0, 200.0, 200.0, 200.0, 200.0, 200.0, 200.0, 200.0, 200.0, 200.0, 200.0, 200.0, 200.0, 200.0, 200.0, 200.0, 200.0, 200.0, 200.0, 200.0, 200.0, 200.0, 200.0, 200.0, 200.0, 200.0, 200.0, 200.0, 200.0, 200.0, 200.0, 200.0, 200.0, 200.0, 200.0, 200.0, 200.0, 200.0, 200.0, 200.0, 200.0, 200.0, 200.0, 200.0, 200.0, 200.0, 200.0, 200.0, 200.0, 200.0], "episode_lengths": [81, 42, 19, 18, 28, 63, 34, 140, 198, 192, 137, 84, 195, 200, 200, 156, 189, 200, 200, 200, 200, 200, 200, 200, 200, 200, 200, 200, 200, 200, 200, 200, 200, 200, 200, 200, 200, 200, 200, 200, 200, 200, 200, 200, 200, 200, 200, 200, 200, 200, 200, 200, 200, 200, 200, 200, 200, 200, 200, 200, 200, 200, 200, 200, 200, 200, 200, 200, 200], "timestamps": [1566657408.9018054, 1566657409.2297223, 1566657410.3059275, 1566657410.3834713, 1566657410.4884114, 1566657411.6783876, 1566657411.7882845, 1566657413.315562, 1566657414.8601956, 1566657417.2540648, 1566657418.4190688, 1566657419.4515412, 1566657421.0026562, 1566657423.635439, 1566657426.7065487, 1566657428.4026017, 1566657430.1520467, 1566657432.5126286, 1566657435.6059842, 1566657437.1906886, 1566657439.826753, 1566657441.4764812, 1566657444.2429276, 1566657447.0457704, 1566657448.7958026, 1566657451.5970242, 1566657453.4201064, 1566657456.5868201, 1566657459.2567286, 1566657460.6788597, 1566657463.076087, 1566657464.494026, 1566657466.9683886, 1566657469.4331214, 1566657470.84049, 1566657473.3101254, 1566657474.7996008, 1566657477.7611, 1566657480.3419218, 1566657481.9101672, 1566657484.3971052, 1566657485.8639004, 1566657488.4523559, 1566657490.9092653, 1566657492.65344, 1566657495.5384445, 1566657497.3610353, 1566657500.214904, 1566657502.586158, 1566657503.9722157, 1566657506.5237837, 1566657508.6392968, 1566657511.4363818, 1566657513.7866764, 1566657515.3065698, 1566657517.7166889, 1566657519.163153, 1566657521.3792264, 1566657523.6582131, 1566657525.1473744, 1566657527.5867014, 1566657529.0735464, 1566657531.6148624, 1566657534.7107902, 1566657536.5797977, 1566657539.4583175, 1566657541.0783327, 1566657543.9779773, 1566657546.577023]}