{"episode_types": ["t", "t", "t", "t", "t", "t", "t", "t", "t", "t", "t", "t", "t", "t", "t", "t", "t", "t", "t", "t", "t", "t", "t", "t", "t", "t", "t", "t", "t", "t", "t", "t", "t", "t", "t", "t", "t", "t", "t", "t", "t", "t", "t", "t", "t", "t", "t", "t", "t", "t", "t", "t", "t", "t", "t", "t", "t", "t", "t", "t", "t", "t", "t", "t", "t", "t", "t", "t", "t", "t", "t", "t", "t"], "initial_reset_timestamp": 1566657408.226501, "episode_rewards": [31.0, 16.0, 29.0, 14.0, 31.0, 16.0, 39.0, 74.0, 75.0, 33.0, 175.0, 170.0, 200.0, 200.0, 171.0, 200.0, 200.0, 200.0, 179.0, 200.0, 200.0, 200.0, 200.0, 200.0, 200.0, 200.0, 200.0, 200.0, 200.0, 200.0, 200.0, 200.0, 200.0, 200.0, 200.0, 200.0, 200.0, 200.0, 200.0, 200.0, 200.0, 200.0, 200.0, 200.0, 200.0, 200.0, 200.0, 200.0, 200.0, 200.0, 200.0, 200.0, 200.0, 101.0, 9.0, 200.0, 200.0, 200.0, 200.0, 200.0, 200.0, 200.0, 200.0, 200.0, 200.0, 200.0, 200.0, 200.0, 200.0, 200.0, 200.0, 200.0], "episode_lengths": [31, 16, 29, 14, 31, 16, 39, 74, 75, 33, 175, 170, 200, 200, 171, 200, 200, 200, 179, 200, 200, 200, 200, 200, 200, 200, 200, 200, 200, 200, 200, 200, 200, 200, 200, 200, 200, 200, 200, 200, 200, 200, 200, 200, 200, 200, 200, 200, 200, 200, 200, 200, 200, 101, 9, 200, 200, 200, 200, 200, 200, 200, 200, 200, 200, 200, 200, 200, 200, 200, 200, 200], "timestamps": [1566657408.4935265, 1566657408.6303144, 1566657408.8258507, 1566657408.956458, 1566657409.208917, 1566657410.2786107, 1566657410.4462001, 1566657410.7591898, 1566657411.9153426, 1566657412.0298069, 1566657414.6370564, 1566657416.1288562, 1566657418.2857053, 1566657419.6128938, 1566657421.9829159, 1566657423.748838, 1566657426.8229938, 1566657428.5983331, 1566657431.310589, 1566657433.856099, 1566657435.8308785, 1566657438.5473473, 1566657440.011468, 1566657442.8385577, 1566657445.5679781, 1566657447.2498946, 1566657450.1690767, 1566657451.8745391, 1566657455.2356267, 1566657458.059099, 1566657459.4238224, 1566657461.8544567, 1566657463.2379954, 1566657465.7907526, 1566657468.2000604, 1566657469.5949368, 1566657472.022635, 1566657473.487238, 1566657476.3937926, 1566657479.0086365, 1566657480.534261, 1566657483.0885024, 1566657484.576388, 1566657487.0938792, 1566657489.6936755, 1566657491.344764, 1566657493.917273, 1566657495.7275589, 1566657498.6464317, 1566657501.3706126, 1566657502.7598844, 1566657505.2061641, 1566657506.725344, 1566657508.494978, 1566657508.5638275, 1566657511.4022841, 1566657512.9065113, 1566657515.2693617, 1566657517.6782458, 1566657519.1248443, 1566657521.3393407, 1566657522.6582859, 1566657525.1160927, 1566657527.551968, 1566657529.0345407, 1566657531.5722032, 1566657533.3762462, 1566657536.5399191, 1566657539.4228108, 1566657541.0353608, 1566657543.9331863, 1566657545.497541]}