{"episode_types": ["t", "t", "t", "t", "t", "t", "t", "t", "t", "t", "t", "t", "t", "t", "t", "t", "t", "t", "t", "t", "t", "t", "t", "t", "t", "t", "t", "t", "t", "t", "t", "t", "t", "t", "t", "t", "t", "t", "t", "t", "t", "t", "t", "t", "t", "t", "t", "t", "t", "t", "t", "t", "t", "t", "t", "t", "t", "t", "t", "t", "t", "t", "t", "t", "t", "t", "t", "t", "t", "t", "t", "t", "t", "t", "t"], "initial_reset_timestamp": 1566657408.1887345, "episode_rewards": [19.0, 14.0, 11.0, 18.0, 38.0, 19.0, 109.0, 67.0, 57.0, 87.0, 64.0, 99.0, 133.0, 200.0, 200.0, 200.0, 200.0, 200.0, 165.0, 200.0, 200.0, 200.0, 200.0, 200.0, 200.0, 200.0, 200.0, 200.0, 200.0, 200.0, 200.0, 200.0, 200.0, 200.0, 200.0, 200.0, 200.0, 200.0, 200.0, 200.0, 200.0, 200.0, 200.0, 200.0, 200.0, 200.0, 200.0, 200.0, 200.0, 200.0, 200.0, 200.0, 200.0, 101.0, 82.0, 40.0, 11.0, 200.0, 200.0, 200.0, 200.0, 200.0, 200.0, 200.0, 200.0, 200.0, 200.0, 200.0, 200.0, 200.0, 200.0, 200.0, 200.0, 200.0], "episode_lengths": [19, 14, 11, 18, 38, 19, 109, 67, 57, 87, 64, 99, 133, 200, 200, 200, 200, 200, 165, 200, 200, 200, 200, 200, 200, 200, 200, 200, 200, 200, 200, 200, 200, 200, 200, 200, 200, 200, 200, 200, 200, 200, 200, 200, 200, 200, 200, 200, 200, 200, 200, 200, 200, 101, 82, 40, 11, 200, 200, 200, 200, 200, 200, 200, 200, 200, 200, 200, 200, 200, 200, 200, 200, 200], "timestamps": [1566657408.3915486, 1566657408.5050006, 1566657408.584001, 1566657408.7368486, 1566657409.0448017, 1566657409.1887846, 1566657410.6544113, 1566657411.8363614, 1566657412.0112548, 1566657413.35668, 1566657414.5688574, 1566657414.8086245, 1566657416.2076778, 1566657418.372606, 1566657420.8047328, 1566657422.1393018, 1566657425.2049885, 1566657427.0071461, 1566657429.908376, 1566657431.4313724, 1566657433.9683087, 1566657435.9391315, 1566657438.6432164, 1566657441.296608, 1566657442.9497738, 1566657445.6868622, 1566657447.365758, 1566657450.2729588, 1566657453.252749, 1566657455.3652298, 1566657458.154823, 1566657459.5214703, 1566657461.9513555, 1566657464.3571658, 1566657465.8813758, 1566657468.3187392, 1566657469.688212, 1566657472.121006, 1566657474.613183, 1566657476.4926765, 1566657479.122162, 1566657480.6470792, 1566657483.2032526, 1566657485.7254717, 1566657487.2245264, 1566657489.8085608, 1566657491.4601507, 1566657494.0407536, 1566657497.1896927, 1566657498.7763023, 1566657501.4694269, 1566657502.8685586, 1566657505.3308816, 1566657506.6050928, 1566657508.1358073, 1566657508.3106816, 1566657508.3894613, 1566657511.3507347, 1566657512.844973, 1566657515.2174156, 1566657516.7472775, 1566657519.0702994, 1566657521.277079, 1566657522.5915687, 1566657525.064387, 1566657526.4395351, 1566657528.972035, 1566657531.5038939, 1566657533.3138008, 1566657536.465565, 1566657538.168384, 1566657540.9698226, 1566657543.869458, 1566657545.447174]}