{"episode_types": ["t", "t", "t", "t", "t", "t", "t", "t", "t", "t", "t", "t", "t", "t", "t", "t", "t", "t", "t", "t", "t", "t", "t", "t", "t", "t", "t", "t", "t", "t", "t", "t", "t", "t", "t", "t", "t", "t", "t", "t", "t", "t", "t", "t", "t", "t", "t", "t", "t", "t", "t", "t", "t", "t", "t", "t", "t", "t", "t", "t", "t", "t", "t", "t", "t", "t", "t", "t", "t", "t", "t", "t", "t", "t", "t", "t"], "initial_reset_timestamp": 1566657408.2334416, "episode_rewards": [43.0, 16.0, 12.0, 9.0, 10.0, 15.0, 15.0, 63.0, 35.0, 47.0, 40.0, 42.0, 133.0, 147.0, 199.0, 160.0, 178.0, 200.0, 192.0, 171.0, 200.0, 172.0, 200.0, 200.0, 200.0, 200.0, 200.0, 200.0, 200.0, 200.0, 200.0, 200.0, 200.0, 200.0, 200.0, 200.0, 200.0, 200.0, 200.0, 200.0, 200.0, 200.0, 200.0, 200.0, 200.0, 200.0, 200.0, 200.0, 200.0, 200.0, 200.0, 200.0, 200.0, 200.0, 200.0, 200.0, 65.0, 36.0, 200.0, 200.0, 200.0, 200.0, 200.0, 200.0, 200.0, 200.0, 200.0, 200.0, 200.0, 200.0, 200.0, 200.0, 200.0, 200.0, 200.0], "episode_lengths": [43, 16, 12, 9, 10, 15, 15, 63, 35, 47, 40, 42, 133, 147, 199, 160, 178, 200, 192, 171, 200, 172, 200, 200, 200, 200, 200, 200, 200, 200, 200, 200, 200, 200, 200, 200, 200, 200, 200, 200, 200, 200, 200, 200, 200, 200, 200, 200, 200, 200, 200, 200, 200, 200, 200, 200, 65, 36, 200, 200, 200, 200, 200, 200, 200, 200, 200, 200, 200, 200, 200, 200, 200, 200, 200], "timestamps": [1566657408.567413, 1566657408.7015016, 1566657408.7892954, 1566657408.8862066, 1566657408.9555862, 1566657409.071413, 1566657409.199148, 1566657410.4743605, 1566657410.634466, 1566657411.7258189, 1566657411.8664694, 1566657411.994337, 1566657413.4475136, 1566657415.9574463, 1566657417.2828033, 1566657418.5206566, 1566657420.8739288, 1566657422.222813, 1566657425.276728, 1566657426.9687347, 1566657430.008698, 1566657431.4223359, 1566657433.9579017, 1566657435.9222555, 1566657438.6315105, 1566657441.2821128, 1566657442.9396248, 1566657445.6764479, 1566657447.354427, 1566657450.263123, 1566657453.2411315, 1566657455.3533652, 1566657458.1427248, 1566657459.5107284, 1566657461.9412646, 1566657464.346912, 1566657465.8717499, 1566657468.3081303, 1566657469.6781285, 1566657472.1102, 1566657474.5999153, 1566657476.4795558, 1566657479.111005, 1566657480.6353884, 1566657483.1921458, 1566657485.7147276, 1566657487.2128434, 1566657489.7977405, 1566657491.4453545, 1566657494.0256283, 1566657497.1770096, 1566657498.7527606, 1566657501.458398, 1566657502.8578947, 1566657505.3187206, 1566657508.1906865, 1566657508.5750313, 1566657508.743276, 1566657511.5123258, 1566657513.8754263, 1566657515.37653, 1566657517.7989166, 1566657519.2302432, 1566657521.4580984, 1566657523.7358203, 1566657525.207509, 1566657527.6592145, 1566657529.1447747, 1566657531.689607, 1566657534.7933996, 1566657536.6615646, 1566657539.5293612, 1566657541.165502, 1566657544.056933, 1566657546.6587522]}