{"episode_types": ["t", "t", "t", "t", "t", "t", "t", "t", "t", "t", "t", "t", "t", "t", "t", "t", "t", "t", "t", "t", "t", "t", "t", "t", "t", "t", "t", "t", "t", "t", "t", "t", "t", "t", "t", "t", "t", "t", "t", "t", "t", "t", "t", "t", "t", "t", "t", "t", "t", "t", "t", "t", "t", "t", "t", "t", "t", "t", "t", "t", "t", "t", "t", "t", "t", "t", "t", "t", "t", "t", "t", "t", "t", "t", "t", "t", "t"], "initial_reset_timestamp": 1566657408.2752368, "episode_rewards": [24.0, 14.0, 37.0, 22.0, 18.0, 17.0, 27.0, 38.0, 18.0, 32.0, 84.0, 117.0, 200.0, 159.0, 120.0, 199.0, 200.0, 200.0, 156.0, 163.0, 146.0, 200.0, 200.0, 200.0, 200.0, 200.0, 200.0, 200.0, 200.0, 200.0, 200.0, 200.0, 200.0, 200.0, 200.0, 200.0, 200.0, 200.0, 200.0, 200.0, 200.0, 200.0, 200.0, 200.0, 200.0, 200.0, 200.0, 200.0, 200.0, 200.0, 200.0, 200.0, 200.0, 200.0, 200.0, 139.0, 10.0, 83.0, 60.0, 200.0, 200.0, 200.0, 200.0, 200.0, 200.0, 200.0, 200.0, 200.0, 200.0, 200.0, 200.0, 200.0, 200.0, 200.0, 200.0, 200.0], "episode_lengths": [24, 14, 37, 22, 18, 17, 27, 38, 18, 32, 84, 117, 200, 159, 120, 199, 200, 200, 156, 163, 146, 200, 200, 200, 200, 200, 200, 200, 200, 200, 200, 200, 200, 200, 200, 200, 200, 200, 200, 200, 200, 200, 200, 200, 200, 200, 200, 200, 200, 200, 200, 200, 200, 200, 200, 139, 10, 83, 60, 200, 200, 200, 200, 200, 200, 200, 200, 200, 200, 200, 200, 200, 200, 200, 200, 200], "timestamps": [1566657408.419092, 1566657408.549219, 1566657408.8140306, 1566657409.0265465, 1566657409.154039, 1566657410.2573712, 1566657410.3653154, 1566657410.5478115, 1566657410.6136773, 1566657410.736719, 1566657411.9534557, 1566657413.3919775, 1566657416.0196693, 1566657417.223521, 1566657418.3430388, 1566657420.7529054, 1566657422.0901697, 1566657425.1664739, 1566657426.851009, 1566657428.5106103, 1566657430.2013972, 1566657432.5682054, 1566657435.6660273, 1566657437.2436755, 1566657439.870068, 1566657441.5203683, 1566657444.2883337, 1566657447.09327, 1566657448.837383, 1566657451.664595, 1566657453.4644904, 1566657456.6333609, 1566657459.3007534, 1566657460.7175736, 1566657463.1143854, 1566657464.5330815, 1566657467.0064483, 1566657469.4733543, 1566657470.8793244, 1566657473.3500419, 1566657474.844875, 1566657477.8006961, 1566657480.3910336, 1566657481.9561095, 1566657484.439735, 1566657485.9048522, 1566657488.494702, 1566657491.2011547, 1566657492.6934652, 1566657495.58069, 1566657497.4074984, 1566657500.2524583, 1566657502.615615, 1566657504.0107648, 1566657506.5674884, 1566657508.360831, 1566657508.4090185, 1566657510.082894, 1566657510.2041652, 1566657512.7311795, 1566657514.0811992, 1566657516.6409101, 1566657518.977249, 1566657520.3135784, 1566657522.4878788, 1566657523.8977098, 1566657526.3593435, 1566657528.8652513, 1566657530.3687425, 1566657533.2156718, 1566657534.9791465, 1566657538.0682526, 1566657540.8646536, 1566657542.5673614, 1566657545.3343291, 1566657546.81867]}