{"episode_types": ["t", "t", "t", "t", "t", "t", "t", "t", "t", "t", "t", "t", "t", "t", "t", "t", "t", "t", "t", "t", "t", "t", "t", "t", "t", "t", "t", "t", "t", "t", "t", "t", "t", "t", "t", "t", "t", "t", "t", "t", "t", "t", "t", "t", "t", "t", "t", "t", "t", "t", "t", "t", "t", "t", "t", "t", "t", "t", "t", "t", "t", "t", "t", "t", "t", "t", "t", "t", "t", "t", "t", "t", "t", "t", "t"], "initial_reset_timestamp": 1566657408.2386982, "episode_rewards": [15.0, 21.0, 18.0, 25.0, 25.0, 12.0, 11.0, 41.0, 29.0, 87.0, 29.0, 111.0, 141.0, 195.0, 138.0, 144.0, 200.0, 200.0, 200.0, 168.0, 175.0, 200.0, 200.0, 200.0, 200.0, 200.0, 200.0, 200.0, 200.0, 200.0, 200.0, 200.0, 200.0, 200.0, 200.0, 200.0, 200.0, 200.0, 200.0, 200.0, 200.0, 200.0, 200.0, 200.0, 200.0, 200.0, 200.0, 200.0, 200.0, 200.0, 200.0, 200.0, 200.0, 200.0, 200.0, 158.0, 54.0, 200.0, 200.0, 200.0, 200.0, 200.0, 200.0, 200.0, 200.0, 200.0, 200.0, 200.0, 200.0, 200.0, 200.0, 200.0, 200.0, 200.0], "episode_lengths": [15, 21, 18, 25, 25, 12, 11, 41, 29, 87, 29, 111, 141, 195, 138, 144, 200, 200, 200, 168, 175, 200, 200, 200, 200, 200, 200, 200, 200, 200, 200, 200, 200, 200, 200, 200, 200, 200, 200, 200, 200, 200, 200, 200, 200, 200, 200, 200, 200, 200, 200, 200, 200, 200, 200, 158, 54, 200, 200, 200, 200, 200, 200, 200, 200, 200, 200, 200, 200, 200, 200, 200, 200, 200], "timestamps": [1566657408.3596966, 1566657408.5376806, 1566657408.671323, 1566657408.8761473, 1566657409.0632157, 1566657409.174601, 1566657410.223856, 1566657410.4122014, 1566657410.5482085, 1566657411.7682116, 1566657411.8892822, 1566657413.3057027, 1566657414.7258453, 1566657417.1011312, 1566657418.2649264, 1566657419.4705079, 1566657421.0476003, 1566657423.6645093, 1566657426.7367122, 1566657428.447587, 1566657430.1797621, 1566657432.5433633, 1566657435.6414092, 1566657437.2231176, 1566657439.8515015, 1566657441.499875, 1566657444.2705655, 1566657447.073206, 1566657448.819159, 1566657451.6223817, 1566657453.4442482, 1566657456.6154175, 1566657459.2813697, 1566657460.700715, 1566657463.0986257, 1566657464.5161557, 1566657466.988213, 1566657469.4570963, 1566657470.8617396, 1566657473.3335807, 1566657474.8264544, 1566657477.7814276, 1566657480.3714392, 1566657481.935505, 1566657484.4202714, 1566657485.8869715, 1566657488.476607, 1566657490.9349127, 1566657492.6747367, 1566657495.562451, 1566657497.384357, 1566657500.2370298, 1566657502.5963628, 1566657503.994033, 1566657506.550074, 1566657508.4425359, 1566657508.727989, 1566657511.4997354, 1566657513.8612633, 1566657515.3634534, 1566657517.782375, 1566657519.2177846, 1566657521.4428072, 1566657523.717297, 1566657525.1970048, 1566657527.6432414, 1566657529.1314454, 1566657531.6765878, 1566657534.7808611, 1566657536.6477406, 1566657539.5158312, 1566657541.146909, 1566657544.039763, 1566657546.644171]}