{"episode_types": ["t", "t", "t", "t", "t", "t", "t", "t", "t", "t", "t", "t", "t", "t", "t", "t", "t", "t", "t", "t", "t", "t", "t", "t", "t", "t", "t", "t", "t", "t", "t", "t", "t", "t", "t", "t", "t", "t", "t", "t", "t", "t", "t", "t", "t", "t", "t", "t", "t", "t", "t", "t", "t", "t", "t", "t", "t", "t", "t", "t", "t", "t", "t", "t", "t", "t", "t", "t", "t", "t", "t", "t", "t"], "initial_reset_timestamp": 1566657408.2195508, "episode_rewards": [35.0, 9.0, 25.0, 20.0, 26.0, 19.0, 40.0, 44.0, 112.0, 156.0, 200.0, 95.0, 200.0, 159.0, 200.0, 200.0, 150.0, 159.0, 144.0, 200.0, 200.0, 200.0, 200.0, 200.0, 200.0, 200.0, 200.0, 200.0, 200.0, 200.0, 200.0, 200.0, 200.0, 200.0, 200.0, 200.0, 200.0, 200.0, 200.0, 200.0, 200.0, 200.0, 200.0, 200.0, 200.0, 200.0, 200.0, 200.0, 200.0, 200.0, 200.0, 200.0, 200.0, 111.0, 53.0, 200.0, 200.0, 200.0, 200.0, 200.0, 200.0, 200.0, 200.0, 200.0, 200.0, 200.0, 200.0, 200.0, 200.0, 200.0, 200.0, 200.0], "episode_lengths": [35, 9, 25, 20, 26, 19, 40, 44, 112, 156, 200, 95, 200, 159, 200, 200, 150, 159, 144, 200, 200, 200, 200, 200, 200, 200, 200, 200, 200, 200, 200, 200, 200, 200, 200, 200, 200, 200, 200, 200, 200, 200, 200, 200, 200, 200, 200, 200, 200, 200, 200, 200, 200, 111, 53, 200, 200, 200, 200, 200, 200, 200, 200, 200, 200, 200, 200, 200, 200, 200, 200, 200], "timestamps": [1566657408.5259652, 1566657408.584067, 1566657408.7686582, 1566657408.9427829, 1566657409.1442013, 1566657410.2667534, 1566657410.4368227, 1566657410.6265078, 1566657411.9406836, 1566657413.4669771, 1566657416.0844276, 1566657417.1638527, 1566657418.504605, 1566657420.8207648, 1566657422.1568398, 1566657425.2252502, 1566657426.886859, 1566657428.5289803, 1566657430.2128088, 1566657432.5810168, 1566657435.6828344, 1566657437.2598262, 1566657439.8843138, 1566657441.5353386, 1566657444.3006098, 1566657447.1054606, 1566657448.8511531, 1566657451.6899793, 1566657453.4787793, 1566657456.6464756, 1566657459.311545, 1566657460.7278469, 1566657463.1247807, 1566657464.5445628, 1566657467.0171983, 1566657469.4865773, 1566657470.8918793, 1566657473.3639307, 1566657474.8596568, 1566657477.8135593, 1566657480.402219, 1566657481.9668334, 1566657484.4552536, 1566657485.9177976, 1566657488.5103028, 1566657491.213388, 1566657492.7063203, 1566657495.5942647, 1566657497.425165, 1566657500.2632298, 1566657502.6310785, 1566657504.0209444, 1566657506.5814261, 1566657508.2090013, 1566657508.528359, 1566657511.3876362, 1566657512.8885849, 1566657515.2537193, 1566657517.65715, 1566657519.1089597, 1566657521.3228056, 1566657522.639587, 1566657525.0976105, 1566657527.5321152, 1566657529.0167146, 1566657531.5521722, 1566657533.35601, 1566657536.5160966, 1566657539.3997927, 1566657541.0156546, 1566657543.9141319, 1566657545.4834447]}