{"episode_types": ["t", "t", "t", "t", "t", "t", "t", "t", "t", "t", "t", "t", "t", "t", "t", "t", "t", "t", "t", "t", "t", "t", "t", "t", "t", "t", "t", "t", "t", "t", "t", "t", "t", "t", "t", "t", "t", "t", "t", "t", "t", "t", "t", "t", "t", "t", "t", "t", "t", "t", "t", "t", "t", "t", "t", "t", "t", "t", "t", "t", "t", "t", "t", "t", "t", "t", "t", "t", "t", "t", "t", "t", "t", "t", "t", "t", "t"], "initial_reset_timestamp": 1566657408.276947, "episode_rewards": [34.0, 26.0, 17.0, 28.0, 18.0, 32.0, 21.0, 32.0, 25.0, 55.0, 200.0, 126.0, 181.0, 160.0, 200.0, 200.0, 200.0, 200.0, 151.0, 200.0, 200.0, 200.0, 200.0, 200.0, 200.0, 200.0, 200.0, 200.0, 200.0, 200.0, 200.0, 200.0, 200.0, 200.0, 200.0, 200.0, 200.0, 200.0, 200.0, 200.0, 200.0, 200.0, 200.0, 200.0, 200.0, 200.0, 200.0, 200.0, 200.0, 200.0, 200.0, 200.0, 200.0, 200.0, 11.0, 11.0, 42.0, 10.0, 10.0, 200.0, 200.0, 200.0, 200.0, 200.0, 200.0, 200.0, 200.0, 200.0, 200.0, 200.0, 200.0, 200.0, 200.0, 200.0, 200.0, 200.0], "episode_lengths": [34, 26, 17, 28, 18, 32, 21, 32, 25, 55, 200, 126, 181, 160, 200, 200, 200, 200, 151, 200, 200, 200, 200, 200, 200, 200, 200, 200, 200, 200, 200, 200, 200, 200, 200, 200, 200, 200, 200, 200, 200, 200, 200, 200, 200, 200, 200, 200, 200, 200, 200, 200, 200, 200, 11, 11, 42, 10, 10, 200, 200, 200, 200, 200, 200, 200, 200, 200, 200, 200, 200, 200, 200, 200, 200, 200], "timestamps": [1566657408.5156696, 1566657408.7222207, 1566657408.8500605, 1566657409.08364, 1566657409.2395449, 1566657410.3428435, 1566657410.4562593, 1566657410.5892491, 1566657410.6816092, 1566657411.8013155, 1566657413.483586, 1566657414.8375013, 1566657417.1955512, 1566657418.435291, 1566657420.847799, 1566657422.1939383, 1566657425.2615259, 1566657428.3212633, 1566657429.9321606, 1566657431.4504592, 1566657433.9860463, 1566657437.0163243, 1566657438.6600387, 1566657441.314673, 1566657442.9665937, 1566657445.7075453, 1566657448.6612105, 1566657450.291976, 1566657453.2726154, 1566657455.3855548, 1566657458.172358, 1566657460.5535157, 1566657461.9676523, 1566657464.3739069, 1566657465.8982184, 1566657468.3395665, 1566657470.7087328, 1566657472.137406, 1566657474.631577, 1566657476.5146904, 1566657479.1454551, 1566657481.7477248, 1566657483.2236173, 1566657485.743516, 1566657487.2438931, 1566657489.8271859, 1566657492.5233555, 1566657494.0624042, 1566657497.2082365, 1566657498.7906125, 1566657501.4873044, 1566657503.846939, 1566657505.3488657, 1566657508.234316, 1566657508.281943, 1566657508.346622, 1566657508.608726, 1566657508.6590629, 1566657508.69749, 1566657511.4809158, 1566657513.838035, 1566657515.3423085, 1566657517.761564, 1566657519.1981437, 1566657521.4232335, 1566657523.6978006, 1566657525.179981, 1566657527.626001, 1566657529.1121633, 1566657531.6581028, 1566657534.7610948, 1566657536.6257906, 1566657539.496106, 1566657541.122749, 1566657544.019968, 1566657546.6263986]}