{"episode_types": ["t", "t", "t", "t", "t", "t", "t", "t", "t", "t", "t", "t", "t", "t", "t", "t", "t", "t", "t", "t", "t", "t", "t", "t", "t", "t", "t", "t", "t", "t", "t", "t", "t", "t", "t", "t", "t", "t", "t", "t", "t", "t", "t", "t", "t", "t", "t", "t", "t", "t", "t", "t", "t", "t", "t", "t", "t", "t", "t", "t", "t", "t", "t", "t", "t", "t", "t", "t", "t", "t", "t", "t", "t", "t"], "initial_reset_timestamp": 1566657408.204437, "episode_rewards": [27.0, 44.0, 15.0, 29.0, 10.0, 33.0, 38.0, 35.0, 96.0, 37.0, 176.0, 164.0, 168.0, 200.0, 200.0, 200.0, 200.0, 200.0, 171.0, 200.0, 200.0, 200.0, 200.0, 200.0, 200.0, 200.0, 200.0, 200.0, 200.0, 200.0, 200.0, 200.0, 200.0, 200.0, 200.0, 200.0, 200.0, 200.0, 200.0, 200.0, 200.0, 200.0, 200.0, 200.0, 200.0, 200.0, 200.0, 200.0, 200.0, 200.0, 200.0, 200.0, 200.0, 99.0, 12.0, 50.0, 200.0, 200.0, 200.0, 200.0, 200.0, 200.0, 200.0, 200.0, 200.0, 200.0, 200.0, 200.0, 200.0, 200.0, 200.0, 200.0, 200.0], "episode_lengths": [27, 44, 15, 29, 10, 33, 38, 35, 96, 37, 176, 164, 168, 200, 200, 200, 200, 200, 171, 200, 200, 200, 200, 200, 200, 200, 200, 200, 200, 200, 200, 200, 200, 200, 200, 200, 200, 200, 200, 200, 200, 200, 200, 200, 200, 200, 200, 200, 200, 200, 200, 200, 200, 99, 12, 50, 200, 200, 200, 200, 200, 200, 200, 200, 200, 200, 200, 200, 200, 200, 200, 200, 200], "timestamps": [1566657408.4411685, 1566657408.7807906, 1566657408.9181445, 1566657409.1356275, 1566657409.2510629, 1566657410.3553023, 1566657410.5396361, 1566657410.6682203, 1566657411.9261985, 1566657412.0462685, 1566657414.666236, 1566657416.1376815, 1566657417.3771577, 1566657419.5488186, 1566657421.9690092, 1566657423.734691, 1566657426.806966, 1566657428.5832293, 1566657431.2710373, 1566657432.6812534, 1566657435.7956185, 1566657438.5114312, 1566657439.9723454, 1566657442.8037794, 1566657444.3963606, 1566657447.2136853, 1566657450.1374607, 1566657451.8385072, 1566657455.1908214, 1566657456.7356162, 1566657459.3887074, 1566657461.824422, 1566657463.206045, 1566657465.7599242, 1566657467.090439, 1566657469.5635953, 1566657471.9946084, 1566657473.4489152, 1566657476.3631952, 1566657477.891128, 1566657480.502967, 1566657483.0558038, 1566657484.540069, 1566657487.0561023, 1566657488.6034741, 1566657491.3095343, 1566657493.8796456, 1566657495.6918573, 1566657498.6079552, 1566657500.3424492, 1566657502.7251382, 1566657505.1671906, 1566657506.6903453, 1566657508.4217715, 1566657508.4940257, 1566657510.03805, 1566657511.5448463, 1566657513.925813, 1566657515.4163482, 1566657517.832312, 1566657520.1690638, 1566657521.4978921, 1566657523.78599, 1566657525.2558842, 1566657527.6986792, 1566657530.2182837, 1566657531.7418783, 1566657534.8424683, 1566657536.7144809, 1566657539.5723054, 1566657542.4241943, 1566657544.0933628, 1566657546.7043574]}