{"episode_types": ["t", "t", "t", "t", "t", "t", "t", "t", "t", "t", "t", "t", "t", "t", "t", "t", "t", "t", "t", "t", "t", "t", "t", "t", "t", "t", "t", "t", "t", "t", "t", "t", "t", "t", "t", "t", "t", "t", "t", "t", "t", "t", "t", "t", "t", "t", "t", "t", "t", "t", "t", "t", "t", "t", "t", "t", "t", "t", "t", "t", "t", "t", "t", "t", "t", "t", "t", "t", "t", "t", "t", "t", "t", "t"], "initial_reset_timestamp": 1566657408.2870605, "episode_rewards": [15.0, 29.0, 15.0, 19.0, 15.0, 22.0, 25.0, 58.0, 44.0, 46.0, 200.0, 200.0, 81.0, 200.0, 160.0, 200.0, 200.0, 200.0, 200.0, 188.0, 200.0, 200.0, 200.0, 200.0, 200.0, 200.0, 200.0, 200.0, 200.0, 200.0, 200.0, 200.0, 200.0, 200.0, 200.0, 200.0, 200.0, 200.0, 200.0, 200.0, 200.0, 200.0, 200.0, 200.0, 200.0, 200.0, 200.0, 200.0, 200.0, 200.0, 200.0, 200.0, 200.0, 200.0, 9.0, 74.0, 200.0, 200.0, 200.0, 200.0, 200.0, 200.0, 200.0, 200.0, 200.0, 200.0, 200.0, 200.0, 200.0, 200.0, 200.0, 200.0, 200.0], "episode_lengths": [15, 29, 15, 19, 15, 22, 25, 58, 44, 46, 200, 200, 81, 200, 160, 200, 200, 200, 200, 188, 200, 200, 200, 200, 200, 200, 200, 200, 200, 200, 200, 200, 200, 200, 200, 200, 200, 200, 200, 200, 200, 200, 200, 200, 200, 200, 200, 200, 200, 200, 200, 200, 200, 200, 9, 74, 200, 200, 200, 200, 200, 200, 200, 200, 200, 200, 200, 200, 200, 200, 200, 200, 200], "timestamps": [1566657408.3597262, 1566657408.598792, 1566657408.7104049, 1566657408.864243, 1566657409.0099907, 1566657409.162358, 1566657410.296267, 1566657410.5684495, 1566657410.7052057, 1566657411.8008642, 1566657413.4826853, 1566657416.0980375, 1566657417.127539, 1566657418.4759462, 1566657420.7708325, 1566657422.105454, 1566657425.1840582, 1566657426.9834094, 1566657430.0234013, 1566657431.4892418, 1566657434.0253115, 1566657437.0544994, 1566657438.6920576, 1566657441.353156, 1566657443.0026786, 1566657445.7407794, 1566657448.6978414, 1566657450.3239198, 1566657453.3086808, 1566657455.4271019, 1566657458.2042348, 1566657460.5908234, 1566657461.9991715, 1566657464.4081492, 1566657465.931272, 1566657468.3712258, 1566657470.7504945, 1566657472.170995, 1566657474.6767216, 1566657476.5486436, 1566657479.1782575, 1566657481.7855923, 1566657483.258781, 1566657485.777675, 1566657487.2754207, 1566657489.861803, 1566657492.5616887, 1566657494.0990539, 1566657497.245271, 1566657498.8255131, 1566657501.5224805, 1566657503.8843954, 1566657505.37953, 1566657508.2809775, 1566657508.3314412, 1566657508.7635348, 1566657511.523193, 1566657513.9005253, 1566657515.3900006, 1566657517.8134048, 1566657519.2451344, 1566657521.4739046, 1566657523.7560663, 1566657525.2247288, 1566657527.676986, 1566657529.1619694, 1566657531.7092755, 1566657534.812339, 1566657536.6819296, 1566657539.5484138, 1566657541.186274, 1566657544.0715091, 1566657546.6770654]}