{"episode_types": ["t", "t", "t", "t", "t", "t", "t", "t", "t", "t", "t", "t", "t", "t", "t", "t", "t", "t", "t", "t", "t", "t", "t", "t", "t", "t", "t", "t", "t", "t", "t", "t", "t", "t", "t", "t", "t", "t", "t", "t", "t", "t", "t", "t", "t", "t", "t", "t", "t", "t", "t", "t", "t", "t", "t", "t", "t", "t", "t", "t", "t", "t", "t", "t", "t", "t", "t", "t", "t", "t", "t"], "initial_reset_timestamp": 1566657408.1888037, "episode_rewards": [26.0, 47.0, 19.0, 23.0, 22.0, 59.0, 53.0, 85.0, 200.0, 194.0, 80.0, 160.0, 106.0, 200.0, 200.0, 200.0, 200.0, 200.0, 200.0, 200.0, 200.0, 200.0, 200.0, 200.0, 200.0, 200.0, 200.0, 200.0, 200.0, 200.0, 200.0, 200.0, 200.0, 200.0, 200.0, 200.0, 200.0, 200.0, 200.0, 200.0, 200.0, 200.0, 200.0, 200.0, 200.0, 200.0, 200.0, 200.0, 200.0, 200.0, 200.0, 200.0, 129.0, 200.0, 200.0, 200.0, 200.0, 200.0, 200.0, 200.0, 200.0, 200.0, 200.0, 200.0, 200.0, 200.0, 200.0, 200.0, 200.0, 200.0], "episode_lengths": [26, 47, 19, 23, 22, 59, 53, 85, 200, 194, 80, 160, 106, 200, 200, 200, 200, 200, 200, 200, 200, 200, 200, 200, 200, 200, 200, 200, 200, 200, 200, 200, 200, 200, 200, 200, 200, 200, 200, 200, 200, 200, 200, 200, 200, 200, 200, 200, 200, 200, 200, 200, 129, 200, 200, 200, 200, 200, 200, 200, 200, 200, 200, 200, 200, 200, 200, 200, 200, 200], "timestamps": [1566657408.4307418, 1566657408.8017044, 1566657408.9843597, 1566657409.125651, 1566657410.2785227, 1566657410.5326502, 1566657410.7466912, 1566657411.9658673, 1566657414.646261, 1566657416.187785, 1566657417.2334507, 1566657418.4676673, 1566657419.5601292, 1566657421.982164, 1566657423.7487528, 1566657426.8221693, 1566657428.5975132, 1566657431.3587387, 1566657433.9011366, 1566657435.8639781, 1566657438.5811148, 1566657440.0507197, 1566657442.8788002, 1566657445.6133769, 1566657447.2906365, 1566657450.2086003, 1566657451.9142036, 1566657455.293004, 1566657458.0941691, 1566657459.4589875, 1566657461.8891888, 1566657463.271451, 1566657465.822994, 1566657468.2476664, 1566657469.627314, 1566657472.055519, 1566657473.5196123, 1566657476.4277294, 1566657479.0533442, 1566657480.5761912, 1566657483.131207, 1566657484.6072536, 1566657487.154931, 1566657489.7386758, 1566657491.3825126, 1566657493.9598663, 1566657495.7663283, 1566657498.683554, 1566657501.410709, 1566657502.8012288, 1566657505.253645, 1566657506.7641864, 1566657510.024433, 1566657511.5350015, 1566657513.915865, 1566657515.4028406, 1566657517.8246665, 1566657520.1606674, 1566657521.4886136, 1566657523.7754948, 1566657525.2420306, 1566657527.6884017, 1566657530.2071288, 1566657531.7287645, 1566657534.8295503, 1566657536.70281, 1566657539.5624514, 1566657542.4101334, 1566657544.0825176, 1566657546.693511]}