{"episode_types": ["t", "t", "t", "t", "t", "t", "t", "t", "t", "t", "t", "t", "t", "t", "t", "t", "t", "t", "t", "t", "t", "t", "t", "t", "t", "t", "t", "t", "t", "t", "t", "t", "t", "t", "t", "t", "t", "t", "t", "t", "t", "t", "t", "t", "t", "t", "t", "t", "t", "t", "t", "t", "t", "t", "t", "t", "t", "t", "t", "t", "t", "t", "t", "t", "t", "t", "t", "t", "t", "t", "t", "t", "t", "t", "t"], "initial_reset_timestamp": 1566657408.201795, "episode_rewards": [19.0, 46.0, 15.0, 12.0, 20.0, 48.0, 52.0, 44.0, 178.0, 94.0, 177.0, 141.0, 200.0, 131.0, 196.0, 200.0, 200.0, 159.0, 200.0, 200.0, 200.0, 200.0, 200.0, 200.0, 200.0, 200.0, 200.0, 200.0, 200.0, 200.0, 200.0, 200.0, 200.0, 200.0, 200.0, 200.0, 200.0, 200.0, 200.0, 200.0, 200.0, 200.0, 200.0, 200.0, 200.0, 200.0, 200.0, 200.0, 200.0, 200.0, 200.0, 200.0, 200.0, 10.0, 54.0, 62.0, 12.0, 200.0, 200.0, 200.0, 200.0, 200.0, 200.0, 200.0, 200.0, 200.0, 200.0, 200.0, 200.0, 200.0, 200.0, 200.0, 200.0, 200.0], "episode_lengths": [19, 46, 15, 12, 20, 48, 52, 44, 178, 94, 177, 141, 200, 131, 196, 200, 200, 159, 200, 200, 200, 200, 200, 200, 200, 200, 200, 200, 200, 200, 200, 200, 200, 200, 200, 200, 200, 200, 200, 200, 200, 200, 200, 200, 200, 200, 200, 200, 200, 200, 200, 200, 200, 10, 54, 62, 12, 200, 200, 200, 200, 200, 200, 200, 200, 200, 200, 200, 200, 200, 200, 200, 200, 200], "timestamps": [1566657408.4007447, 1566657408.7528656, 1566657408.886781, 1566657408.984367, 1566657409.1047053, 1566657410.3751023, 1566657410.6027977, 1566657411.6995842, 1566657413.3378537, 1566657414.618351, 1566657416.1467347, 1566657417.3298137, 1566657419.485715, 1566657420.9003673, 1566657422.250197, 1566657425.3140779, 1566657428.369425, 1566657430.0391164, 1566657432.425302, 1566657434.0597014, 1566657437.0900304, 1566657438.720589, 1566657441.3834784, 1566657444.164892, 1566657445.7755075, 1566657448.72485, 1566657450.355862, 1566657453.3433838, 1566657456.5061893, 1566657458.2304318, 1566657460.616999, 1566657462.0258858, 1566657464.4361591, 1566657466.9043267, 1566657468.4053955, 1566657470.7782762, 1566657472.1978061, 1566657474.7149603, 1566657477.6995928, 1566657479.2094703, 1566657481.8177016, 1566657483.2907743, 1566657485.8069663, 1566657488.3761325, 1566657489.8931746, 1566657492.5902967, 1566657494.133338, 1566657497.2818215, 1566657500.1449964, 1566657501.548509, 1566657503.9114814, 1566657505.409091, 1566657508.3750043, 1566657508.4231312, 1566657508.7167387, 1566657510.1463876, 1566657510.1768014, 1566657512.7025156, 1566657514.0498626, 1566657516.6075964, 1566657517.9335077, 1566657520.2823045, 1566657522.458164, 1566657523.87431, 1566657526.3347487, 1566657527.7879028, 1566657530.3378453, 1566657533.1850622, 1566657534.9502401, 1566657538.0342815, 1566657539.6673894, 1566657542.5350718, 1566657545.305336, 1566657546.7899606]}