{"episode_types": ["t", "t", "t", "t", "t", "t", "t", "t", "t", "t", "t", "t", "t", "t", "t", "t", "t", "t", "t", "t", "t", "t", "t", "t", "t", "t", "t", "t", "t", "t", "t", "t", "t", "t", "t", "t", "t", "t", "t", "t", "t", "t", "t", "t", "t", "t", "t", "t", "t", "t", "t", "t", "t", "t", "t", "t", "t", "t", "t", "t", "t", "t", "t", "t", "t", "t", "t", "t", "t", "t", "t", "t", "t", "t", "t", "t", "t"], "initial_reset_timestamp": 1566657408.2646277, "episode_rewards": [29.0, 17.0, 46.0, 13.0, 16.0, 10.0, 31.0, 28.0, 52.0, 42.0, 121.0, 150.0, 200.0, 154.0, 143.0, 200.0, 200.0, 200.0, 200.0, 195.0, 200.0, 200.0, 200.0, 200.0, 200.0, 200.0, 200.0, 200.0, 200.0, 200.0, 200.0, 200.0, 200.0, 200.0, 200.0, 200.0, 200.0, 200.0, 200.0, 200.0, 200.0, 200.0, 200.0, 200.0, 200.0, 200.0, 200.0, 200.0, 200.0, 200.0, 200.0, 200.0, 200.0, 200.0, 49.0, 55.0, 11.0, 13.0, 10.0, 200.0, 200.0, 200.0, 200.0, 200.0, 200.0, 200.0, 200.0, 200.0, 200.0, 200.0, 200.0, 200.0, 200.0, 200.0, 200.0, 200.0], "episode_lengths": [29, 17, 46, 13, 16, 10, 31, 28, 52, 42, 121, 150, 200, 154, 143, 200, 200, 200, 200, 195, 200, 200, 200, 200, 200, 200, 200, 200, 200, 200, 200, 200, 200, 200, 200, 200, 200, 200, 200, 200, 200, 200, 200, 200, 200, 200, 200, 200, 200, 200, 200, 200, 200, 200, 49, 55, 11, 13, 10, 200, 200, 200, 200, 200, 200, 200, 200, 200, 200, 200, 200, 200, 200, 200, 200, 200], "timestamps": [1566657408.4764678, 1566657408.6198, 1566657409.0012176, 1566657409.0714357, 1566657409.2182462, 1566657410.2470603, 1566657410.3954926, 1566657410.5127258, 1566657410.716576, 1566657411.776003, 1566657413.2654474, 1566657414.698196, 1566657417.0753453, 1566657418.3049095, 1566657419.5077589, 1566657421.9274058, 1566657423.6904051, 1566657426.7637289, 1566657428.5437016, 1566657431.2891982, 1566657432.7000663, 1566657435.814, 1566657438.5317595, 1566657439.9898937, 1566657442.8195662, 1566657444.4126325, 1566657447.2295678, 1566657450.1530066, 1566657451.8547766, 1566657455.2137601, 1566657456.7506285, 1566657459.4052546, 1566657461.838666, 1566657463.220937, 1566657465.7768655, 1566657467.1082053, 1566657469.5812626, 1566657472.0091705, 1566657473.4670498, 1566657476.3789728, 1566657477.9107633, 1566657480.51814, 1566657483.072005, 1566657484.560078, 1566657487.0720398, 1566657488.6196373, 1566657491.3268197, 1566657493.899236, 1566657495.709179, 1566657498.624935, 1566657500.3556745, 1566657502.7434142, 1566657505.1856472, 1566657506.7048204, 1566657508.1770256, 1566657508.4772844, 1566657508.5524755, 1566657508.626971, 1566657508.6777282, 1566657511.4641068, 1566657513.817584, 1566657515.3261738, 1566657517.7387824, 1566657519.1820238, 1566657521.403807, 1566657523.6804056, 1566657525.1661355, 1566657527.607818, 1566657529.0963593, 1566657531.6390047, 1566657534.740318, 1566657536.6073697, 1566657539.4802446, 1566657541.1054845, 1566657544.003238, 1566657546.6075222]}