{"episode_types": ["t", "t", "t", "t", "t", "t", "t", "t", "t", "t", "t", "t", "t", "t", "t", "t", "t", "t", "t", "t", "t", "t", "t", "t", "t", "t", "t", "t", "t", "t", "t", "t", "t", "t", "t", "t", "t", "t", "t", "t", "t", "t", "t", "t", "t", "t", "t", "t", "t", "t", "t", "t", "t", "t", "t", "t", "t", "t", "t", "t", "t", "t", "t", "t", "t", "t", "t", "t", "t"], "initial_reset_timestamp": 1566657408.2614822, "episode_rewards": [27.0, 21.0, 42.0, 36.0, 63.0, 200.0, 200.0, 166.0, 200.0, 200.0, 200.0, 200.0, 200.0, 161.0, 165.0, 200.0, 200.0, 200.0, 200.0, 200.0, 200.0, 200.0, 200.0, 200.0, 200.0, 200.0, 200.0, 200.0, 200.0, 200.0, 200.0, 200.0, 200.0, 200.0, 200.0, 200.0, 200.0, 200.0, 200.0, 200.0, 200.0, 200.0, 200.0, 200.0, 200.0, 200.0, 200.0, 200.0, 200.0, 10.0, 109.0, 200.0, 200.0, 200.0, 200.0, 200.0, 200.0, 200.0, 200.0, 200.0, 200.0, 200.0, 200.0, 200.0, 200.0, 200.0, 200.0, 200.0], "episode_lengths": [27, 21, 42, 36, 63, 200, 200, 166, 200, 200, 200, 200, 200, 161, 165, 200, 200, 200, 200, 200, 200, 200, 200, 200, 200, 200, 200, 200, 200, 200, 200, 200, 200, 200, 200, 200, 200, 200, 200, 200, 200, 200, 200, 200, 200, 200, 200, 200, 200, 10, 109, 200, 200, 200, 200, 200, 200, 200, 200, 200, 200, 200, 200, 200, 200, 200, 200, 200], "timestamps": [1566657408.4597335, 1566657408.6440437, 1566657408.973238, 1566657410.212364, 1566657410.502092, 1566657413.228221, 1566657414.778004, 1566657417.0748222, 1566657418.4343882, 1566657420.8473544, 1566657422.1920567, 1566657425.260825, 1566657428.3193908, 1566657429.975456, 1566657431.3823433, 1566657433.920347, 1566657435.8864253, 1566657438.6012661, 1566657441.243211, 1566657442.8976076, 1566657445.634941, 1566657447.3125536, 1566657450.2290325, 1566657453.2007585, 1566657455.3162029, 1566657458.1135209, 1566657459.4784877, 1566657461.9084184, 1566657464.309168, 1566657465.841885, 1566657468.2695312, 1566657469.6494942, 1566657472.0774019, 1566657474.557529, 1566657476.4491136, 1566657479.0749636, 1566657480.5992723, 1566657483.1546838, 1566657485.6754456, 1566657487.1744766, 1566657489.76038, 1566657491.4075515, 1566657493.9830503, 1566657497.1238482, 1566657498.7091913, 1566657501.4275098, 1566657502.8220017, 1566657505.2764094, 1566657508.1195073, 1566657508.1588268, 1566657508.7534022, 1566657511.5185902, 1566657513.8917434, 1566657515.382678, 1566657517.8072271, 1566657519.2380953, 1566657521.466888, 1566657523.744067, 1566657525.2172086, 1566657527.6681304, 1566657529.1523824, 1566657531.699677, 1566657534.8033383, 1566657536.673279, 1566657539.5391607, 1566657541.1762805, 1566657544.0635748, 1566657546.669136]}